Title,Content,URL
"Child dead, 11 people infected by listeria linked to ready-to-eat meat brand - The Washington Post","An infant in California has died after being infected with listeria, the Centers for Disease Control and Prevention said, with 10 other people also being infected in the outbreak, which has been link… [+3308 chars]",https://www.washingtonpost.com/health/2024/11/23/listeria-outbreak-california-cdc-yushang/
"At least 15 killed after Israeli strike flattens building in central Beirut, Lebanese officials say - CNN","At least 15 people have been killed and several others injured after an Israeli strike flattened a multi-story residential building in central Beirut overnight, Lebanese officials said.
Israel has b… [+3994 chars]",https://www.cnn.com/2024/11/23/middleeast/lebanon-strikes-beirut-basta-intl/index.html
[Removed],[Removed],https://removed.com
Medical Mysteries: Her depression and poor memory had an unusual cause - The Washington Post,"In the throes of one of the worst crises of her life, Deborah Menzies remembers wondering if she was going to find a place to park her car.
Menzies, then 55, took great pride in her years as a legal… [+11993 chars]",https://www.washingtonpost.com/health/2024/11/23/seizures-depression-brain-diagnosis/
The stars of ‘Wicked’ have been changed for good. Former Elphabas and Glindas remember the magic - CNN,"With the premiere of Wicked: Part One, Cynthia Erivo and Ariana Grande join an exclusive club of women who have played two of the most challenging roles in musical theater.
Elphaba and Glinda begin … [+14244 chars]",https://www.cnn.com/2024/11/23/entertainment/glinda-elphaba-wicked-cec/index.html
"Israeli strikes kill dozens in Gaza over 48 hours, damage hospital in north, Palestinian medics say - Reuters",,https://www.reuters.com/world/middle-east/israeli-strikes-kill-dozens-gaza-over-48-hours-damage-hospital-north-palestinian-2024-11-23/
Rare Asteroid Sample Contaminated by Microorganisms Despite Scientists’ Best Efforts - Gizmodo,"Researchers found evidence of microbial life in what should have been a pristine sample of an asteroid, a frustrating sign that avoiding earthly contamination may be harder than we thought.
A team f… [+3125 chars]",https://gizmodo.com/rare-asteroid-sample-contaminated-by-microorganisms-despite-scientists-best-efforts-2000528691
"Swapping Bondi for Gaetz eases fears at Justice Department, but only a little - POLITICO","In terms of Bondi, people havent freaked out like they did over Gaetz, a career DOJ lawyer said Friday. It doesnt seem surprising to anybody. Shes obviously a loyalist, which makes the choice absurd,… [+4778 chars]",https://www.politico.com/news/2024/11/23/trump-bondi-gaetz-justice-department-00191384
Trump Tax Cuts And 11 Other Reasons To Skip A Roth Conversion - Forbes,"Prepaying income tax on a retirement account might be a good idea. Or it could be a really bad idea. Read this before pulling the trigger.
Your financial advisor may be all fired up about prepaying … [+10426 chars]",https://www.forbes.com/sites/baldwin/2024/11/23/trump-tax-cuts-and-11-other-reasons-to-skip-a-roth-conversion/
Bitcoin’s rally is making some investors nervous about the stock market - MarketWatch,,https://www.marketwatch.com/story/bitcoins-rally-is-making-some-investors-nervous-about-the-stock-market-8752cd49
Intel Arc B580 GPU has TDP lower than 225W and PCIe 5.0×8 interface - VideoCardz.com,"We are learning some new details about the upcoming Intel Battlemage GPU series.
This night, Amazon spoiled Intel’s plan for the grand reveal of the Battlemage GPU series. The company has been extre… [+2705 chars]",https://videocardz.com/newz/intel-arc-b580-gpu-has-tdp-lower-than-225w-and-pcie-5-0x8-interface
"Russia will keep testing new ballistic missile, Putin says - CNN","President Vladimir Putin said Friday that Russia will continue to test and start mass-producing the hypersonic ballistic missile that it fired at Ukraine Thursday.
The experimental strike Thursday m… [+1817 chars]",https://www.cnn.com/2024/11/23/europe/russia-testing-oreshnik-missile-putin-intl/index.html
"Jason Kelce, Kylie Kelcie make major life announcement - PennLive","Jason Kelce has had a rough couple of weeks in the headlines, and not all of it has been his fault, so it is good to see the big fella get some good news.
And it is hard to beat what the Eagles lege… [+2322 chars]",https://www.pennlive.com/philadelphiaeagles/2024/11/jason-kelce-kylie-kelcie-make-major-life-announcement.html
What to know about fluoride in drinking water - CNN,"President-elect Donald Trump has picked Robert F. Kennedy Jr. as his Health and Human Services secretary and pledged to let him go wild on health, putting health care high on the agenda for his secon… [+7615 chars]",https://www.cnn.com/2024/11/23/health/fluoride-drinking-water-dg/index.html
NASA spotted a very young planet. It could become a super-Earth. - Mashable,,https://mashable.com/article/nasa-young-planet-exoplanet-discovery-super-earth
"Fox hosts, cable news regulars and entertainment pros: Trump is casting a made-for-TV Cabinet - CNN","A common thread weaves through many of Donald Trumps picks for his incoming administration, a quality the president-elect values as highly as loyalty and perhaps even more than conventional qualifica… [+8139 chars]",https://www.cnn.com/2024/11/23/politics/trump-tv-cabinet/index.html
"Trump picks Marty Makary to lead FDA, Dave Weldon to run CDC - The Washington Post","President-elect Donald Trump on Friday night named three doctors to oversee the nations vaccine supply, disease response and other responsibilities central to Americas public health, plucking physici… [+11156 chars]",https://www.washingtonpost.com/health/2024/11/22/marty-makary-fda-trump/
[Removed],[Removed],https://removed.com
"Tyrese Haliburton, Pacers struggling to recapture last season's mojo - NBA.com","Tyrese Haliburton is shooting just 37.8% overall and 29.4% from 3-point range, down from 47.7% and 36.4% from last season.
 Get NBA League Pass TODAY &gt;
MILWAUKEE (AP) If the first half of last s… [+4055 chars]",https://www.nba.com/news/haliburton-pacers-searching-for-answers
"Horoscope for Saturday, November 23, 2024 - Chicago Sun-Times","Moon Alert
There are no restrictions to shopping or important decisions. The moon is in Virgo.
Aries (March 21-April 19)
This is a lovely day! In particular, it will make you feel good to get bett… [+3805 chars]",https://chicago.suntimes.com/horoscopes/2024/11/23/horoscopes-today-saturday-november-23-2024
